num,direction,lots,entry,exit,entry_time,exit_time,pnl,reason,balance_after
1,?,0.01,4133.57,4133.57,2026-10-06T00:35:53.106456+00:00,2026-10-06T00:35:53.106470+00:00,-4.09,SL,162.95
2,?,0.01,4127.11,4127.11,2026-10-06T00:35:53.113082+00:00,2026-10-06T00:35:53.113095+00:00,-3.39,EXPERT,162.95
3,?,0.01,4137.84,4137.84,2026-10-06T00:35:53.120029+00:00,2026-10-06T00:35:53.120047+00:00,7.08,TP,162.95
4,?,0.01,4139.14,4139.14,2026-10-06T00:35:53.127304+00:00,2026-10-06T00:35:53.127316+00:00,-4.28,SL,162.95
5,?,0.02,4144.32,4144.32,2026-10-06T00:35:53.134549+00:00,2026-10-06T00:35:53.134568+00:00,-6.04,SL,162.95
6,?,0.01,4143.89,4143.89,2026-10-06T00:35:53.142062+00:00,2026-10-06T00:35:53.142075+00:00,1.33,EXPERT,162.95
7,?,0.01,4143.89,4143.89,2026-10-06T00:35:53.149012+00:00,2026-10-06T00:35:53.149024+00:00,0.61,EXPERT,162.95
8,?,0.01,4143.89,4143.89,2026-10-06T00:35:53.157111+00:00,2026-10-06T00:35:53.157127+00:00,0.9,EXPERT,162.95
9,?,0.01,4143.73,4143.73,2026-10-06T00:35:53.164111+00:00,2026-10-06T00:35:53.164123+00:00,-1.99,SL,162.95
10,?,0.03,4143.67,4143.67,2026-10-06T00:35:53.173527+00:00,2026-10-06T00:35:53.173540+00:00,-5.97,SL,162.95
